City_ID,City,Lat,Lng,Max Temp,Humidity,Cloudiness,Wind Speed,Country,Date
0,nizwa,22.9333,57.5333,23.12,54,40,1.22,OM,1682373037
1,ushuaia,-54.8,-68.3,3.81,93,100,1.54,AR,1682372819
2,punta arenas,-53.15,-70.9167,7.06,100,100,5.66,CL,1682373038
3,jamestown,42.097,-79.2353,6.77,63,100,5.14,US,1682373038
4,rikitea,-23.1203,-134.9692,26.14,86,81,6.78,PF,1682373039
5,busselton,-33.65,115.3333,12.94,79,100,5.63,AU,1682373039
6,many,31.5688,-93.4841,21.69,44,29,3.36,US,1682373039
7,bluff,-46.6,168.3333,11.56,83,94,15.27,NZ,1682373039
8,port hardy,50.6996,-127.4199,9.1,81,75,2.57,CA,1682373040
9,linhares,-19.3911,-40.0722,21.9,86,91,2.22,BR,1682373040
10,atuona,-9.8,-139.0333,27.26,78,23,5.39,PF,1682373040
11,port macquarie,-31.4333,152.9167,16.61,71,86,2.45,AU,1682372823
12,mataura,-46.1927,168.8643,11.38,69,95,4.87,NZ,1682373040
13,beitbridge,-22.2167,30.0,21.26,59,0,2.5,ZW,1682373041
14,la ronge,55.1001,-105.2842,10.12,29,100,6.17,CA,1682373041
15,tuatapere,-46.1333,167.6833,13.04,77,95,5.75,NZ,1682373041
16,zaltan,32.947,11.8665,19.87,45,0,4.75,LY,1682373041
17,hermanus,-34.4187,19.2345,13.22,87,0,3.74,ZA,1682372980
18,airai,-8.9266,125.4092,15.5,93,41,1.59,TL,1682373042
19,outlook,51.5001,-107.0513,11.24,49,100,8.13,CA,1682373042
20,taganak,6.0833,118.3,27.08,73,97,0.75,PH,1682373042
21,albany,42.6001,-73.9662,12.19,51,88,0.45,US,1682373042
22,longyearbyen,78.2186,15.6401,-9.09,79,0,3.6,SJ,1682372973
23,tiksi,71.6872,128.8694,-5.84,95,100,5.73,RU,1682373042
24,provideniya,64.3833,-173.3,-5.91,58,20,12.07,RU,1682373043
25,hilo,19.7297,-155.09,30.16,71,40,5.14,US,1682373043
26,svetlogorsk,52.6333,29.7333,8.39,84,16,3.14,BY,1682373043
27,pangnirtung,66.1451,-65.7125,1.0,86,100,1.54,CA,1682373044
28,tuktoyaktuk,69.4541,-133.0374,-18.0,78,100,3.09,CA,1682373044
29,kaitangata,-46.2817,169.8464,14.4,60,65,7.49,NZ,1682373044
30,catalina foothills,32.2979,-110.9187,32.5,10,0,4.47,US,1682373044
31,kruisfontein,-34.0033,24.7314,18.82,90,74,2.58,ZA,1682373044
32,portland,45.5234,-122.6762,15.79,65,100,3.13,US,1682372506
33,mar del plata,-38.0023,-57.5575,18.94,91,100,3.13,AR,1682372814
34,dikson,73.5069,80.5464,-10.07,90,19,5.85,RU,1682373045
35,richards bay,-28.783,32.0377,22.06,73,100,4.94,ZA,1682373045
36,carnarvon,-24.8667,113.6333,19.27,65,96,6.4,AU,1682373017
37,havre-saint-pierre,50.2334,-63.5986,5.2,70,0,4.63,CA,1682372757
38,guaruja,-23.9931,-46.2564,24.94,26,40,2.06,BR,1682373046
39,cape town,-33.9258,18.4232,17.43,93,40,0.51,ZA,1682372290
40,macherla,16.4833,79.4333,26.92,85,31,5.07,IN,1682373046
41,atar,20.5169,-13.0499,31.23,13,0,3.08,MR,1682373046
42,alofi,-19.0595,-169.9187,26.94,78,75,3.09,NU,1682373046
43,sitka,57.0531,-135.33,4.94,75,100,5.66,US,1682373047
44,cidreira,-30.1811,-50.2056,21.87,82,11,7.83,BR,1682373047
45,meulaboh,4.1363,96.1285,25.09,89,100,1.83,ID,1682373047
46,ponta do sol,32.6667,-17.1,19.28,79,99,1.06,PT,1682373047
47,las vegas,36.175,-115.1372,31.72,18,0,4.12,US,1682372888
48,kavarna,43.4333,28.3333,11.35,87,96,5.48,BG,1682373047
49,visby,57.6409,18.296,7.81,100,75,4.63,SE,1682373048
50,cabo san lucas,22.8909,-109.9124,29.17,44,20,4.12,MX,1682372972
51,port moresby,-9.4431,147.1797,22.68,100,40,3.09,PG,1682373048
52,srednekolymsk,67.45,153.6833,-0.54,81,10,3.9,RU,1682373048
53,sao filipe,14.8961,-24.4956,23.76,72,2,3.76,CV,1682373048
54,shirgaon,19.7,72.7,26.86,74,100,1.62,IN,1682373049
55,lagoa,39.05,-27.9833,16.16,82,26,5.26,PT,1682373049
56,porto novo,6.4965,2.6036,28.9,77,100,2.61,BJ,1682373049
57,barrow,71.2906,-156.7887,-14.99,85,100,5.14,US,1682373049
58,nunchia,5.6406,-72.1986,24.79,91,89,0.57,CO,1682373049
59,cherskiy,68.75,161.3,-1.45,62,1,1.37,RU,1682373050
60,severo-kurilsk,50.6789,156.125,0.94,82,38,8.89,RU,1682373050
61,champagnole,46.7445,5.9135,9.76,81,95,2.31,FR,1682373050
62,saint george,37.1041,-113.5841,27.19,20,0,3.58,US,1682372802
63,yingcheng,30.95,113.55,9.33,89,100,3.88,CN,1682373051
64,torbay,47.6666,-52.7314,2.16,95,100,9.83,CA,1682373051
65,novobirilyussy,56.9514,90.6661,5.0,93,100,3.45,RU,1682373051
66,pontianak,-0.0333,109.3333,23.99,100,40,0.51,ID,1682373051
67,saldanha,-33.0117,17.9442,14.03,92,28,2.2,ZA,1682373051
68,mahebourg,-20.4081,57.7,25.14,94,20,1.03,MU,1682373052
69,faanui,-16.4833,-151.75,27.25,79,34,4.32,PF,1682373052
70,monte alegre,-2.0078,-54.0692,24.91,92,53,1.65,BR,1682373052
71,lorengau,-2.0226,147.2712,28.14,81,88,3.54,PG,1682373020
72,olavarria,-36.8927,-60.3225,16.62,55,65,2.95,AR,1682373052
73,gornopravdinsk,60.05,69.9,-2.93,88,90,1.2,RU,1682373052
74,port alfred,-33.5906,26.891,18.99,94,100,1.34,ZA,1682373053
75,brawley,32.9787,-115.5303,34.14,20,0,2.57,US,1682373053
76,ribeira grande,38.5167,-28.7,17.22,94,20,5.81,PT,1682373038
77,kattivakkam,13.2167,80.3167,30.05,90,42,4.98,IN,1682373053
78,salalah,17.0151,54.0924,29.05,74,20,2.06,OM,1682373053
79,yellowknife,62.456,-114.3525,9.29,46,75,4.63,CA,1682373054
80,inhambane,-23.865,35.3833,21.92,79,10,1.97,MZ,1682373054
81,singaraja,-8.112,115.0882,26.0,85,43,0.9,ID,1682372893
82,cercal,37.806,-8.6715,15.97,82,11,2.38,PT,1682373054
83,vaini,-21.2,-175.2,26.09,78,20,1.54,TO,1682373054
84,rosario,-32.9468,-60.6393,20.14,82,0,1.54,AR,1682372809
85,henties bay,-22.116,14.2845,18.45,73,2,2.45,NA,1682373055
86,new norfolk,-42.7826,147.0587,13.17,87,100,0.45,AU,1682372999
87,kangaatsiaq,68.3065,-53.4641,-0.36,95,93,2.66,GL,1682373055
88,baykit,61.67,96.37,2.06,99,100,1.38,RU,1682373055
89,laerdalsoyri,61.098,7.4816,5.18,64,100,4.12,NO,1682373055
90,sola,-13.8833,167.55,26.37,94,75,2.06,VU,1682373056
91,mattru,7.6244,-11.8332,27.04,83,73,1.9,SL,1682373056
92,castro,-24.7911,-50.0119,14.74,82,4,2.12,BR,1682373056
93,hobart,-42.8794,147.3294,13.36,79,75,3.6,AU,1682373014
94,brandon,27.9378,-82.2859,26.06,75,75,3.09,US,1682372907
95,clyde river,70.4692,-68.5914,-4.87,93,75,7.72,CA,1682373057
96,newport,51.5877,-2.9984,7.05,89,76,4.17,GB,1682372948
97,vidim,56.4088,103.1106,-4.35,91,46,1.5,RU,1682373057
98,juneau,58.3019,-134.4197,6.34,81,75,10.29,US,1682372878
99,oranjemund,-28.55,16.4333,15.97,98,79,2.85,NA,1682373058
100,banda aceh,5.5577,95.3222,26.68,80,100,2.77,ID,1682373058
101,kapaa,22.0752,-159.319,25.99,86,100,5.66,US,1682373058
102,port-gentil,-0.7193,8.7815,27.98,83,75,1.54,GA,1682373058
103,constitucion,-35.3333,-72.4167,12.95,87,13,4.21,CL,1682373009
104,sayyan,15.1718,44.3244,16.23,59,61,0.69,YE,1682373059
105,butaritari,3.0707,172.7902,28.3,78,71,7.1,KI,1682373059
106,palu,-0.8917,119.8707,24.01,95,40,1.44,ID,1682373059
107,hamilton,39.1834,-84.5333,11.91,42,100,5.14,US,1682372752
108,chuy,-33.6971,-53.4616,19.24,91,80,4.62,UY,1682373019
109,akdepe,42.0551,59.3788,20.05,25,31,7.76,TM,1682373060
110,vardo,70.3705,31.1107,-2.01,74,100,8.23,NO,1682373060
111,puerto ayora,-0.7393,-90.3518,29.98,86,94,3.58,EC,1682373060
112,kodiak,57.79,-152.4072,5.73,49,0,5.14,US,1682373061
113,avarua,-21.2078,-159.775,27.03,65,20,7.2,CK,1682373061
114,bredasdorp,-34.5322,20.0403,15.27,81,1,2.78,ZA,1682373061
115,nome,64.5011,-165.4064,-3.8,54,0,8.23,US,1682372536
116,bethel,41.3712,-73.414,15.02,38,75,3.09,US,1682372981
117,port elizabeth,-33.918,25.5701,20.05,88,100,4.12,ZA,1682372518
118,roblin,51.23,-101.3565,6.18,47,53,3.64,CA,1682373063
119,necochea,-38.5473,-58.7368,16.43,78,19,4.19,AR,1682373063
120,dzhebariki-khaya,62.2167,135.8,-4.02,91,100,1.16,RU,1682373063
121,veraval,20.9,70.3667,26.47,64,28,5.49,IN,1682373064
122,pevek,69.7008,170.3133,-5.68,72,5,1.76,RU,1682373064
123,fortuna,40.5982,-124.1573,15.52,67,95,4.02,US,1682373064
124,tessalit,20.1986,1.0114,28.88,12,0,2.52,ML,1682373065
125,loreto,22.2667,-101.9667,27.84,6,40,9.21,MX,1682373066
126,saskylakh,71.9167,114.0833,-18.34,100,100,0.35,RU,1682373067
127,kotido,2.9806,34.1331,21.39,76,71,0.96,UG,1682373068
128,bubaque,11.2833,-15.8333,25.78,70,23,6.89,GW,1682373069
129,vanimo,-2.6741,141.3028,26.34,88,93,1.67,PG,1682373069
130,sorland,67.667,12.6934,1.92,57,0,5.11,NO,1682373069
131,ancud,-41.8697,-73.8203,11.97,87,99,5.43,CL,1682373070
132,yanji,42.9075,129.5078,6.36,33,100,0.89,CN,1682373070
133,khatanga,71.9667,102.5,-10.19,93,7,3.68,RU,1682373071
134,lebu,-37.6167,-73.65,12.83,83,48,1.94,CL,1682373071
135,dalbandin,28.8947,64.4101,25.02,23,100,3.8,PK,1682373071
136,isoka,-10.1606,32.6335,15.94,98,10,0.37,ZM,1682373072
137,college,64.8569,-147.8028,-5.51,51,75,5.14,US,1682372807
138,yulara,-25.2406,130.9889,17.26,45,29,3.85,AU,1682373073
139,krasnyy yar,46.5331,48.3456,13.96,39,100,9.2,RU,1682373073
140,saint-philippe,-21.3585,55.7679,25.77,78,40,3.99,RE,1682372982
141,grand gaube,-20.0064,57.6608,25.21,82,32,3.1,MU,1682373074
142,beniganj,27.2833,80.45,22.11,44,5,2.95,IN,1682373074
143,methoni,36.8197,21.7049,16.23,82,0,2.56,GR,1682373074
144,rongcheng,30.634,117.8517,11.19,94,100,1.02,CN,1682373075
145,doba,8.65,16.85,28.7,52,59,2.19,TD,1682373075
146,qaanaaq,77.484,-69.3632,-6.66,85,100,0.87,GL,1682373075
147,ternovka,51.678,41.6375,11.5,82,100,4.23,RU,1682373076
148,tasiilaq,65.6145,-37.6368,0.09,89,75,2.17,GL,1682373076
149,hami,42.8,93.45,12.78,18,6,1.36,CN,1682372914
150,jaffna,9.6685,80.0074,27.62,84,100,4.48,LK,1682373076
151,mount gambier,-37.8333,140.7667,14.2,73,74,2.96,AU,1682373049
152,hithadhoo,-0.6,73.0833,28.98,75,99,3.95,MV,1682373078
153,bambous virieux,-20.3428,57.7575,25.12,94,20,1.03,MU,1682373078
154,pingxiang,27.6167,113.85,10.06,98,100,2.2,CN,1682373079
155,san antonio,29.4241,-98.4936,22.4,66,100,3.09,US,1682372243
156,ust-tsilma,65.441,52.1498,-0.95,97,100,3.21,RU,1682373079
157,marquette,46.5333,-87.6335,4.58,74,99,2.24,US,1682373080
158,tabou,4.423,-7.3528,27.25,86,100,2.74,CI,1682373080
159,fort nelson,58.8053,-122.7002,2.19,58,100,2.57,CA,1682373081
160,codrington,-38.2667,141.9667,15.03,76,32,4.41,AU,1682373081
161,bengkulu,-3.8004,102.2655,24.42,89,98,2.04,ID,1682373081
162,ciudad bolivar,8.1222,-63.5497,32.52,48,81,1.66,VE,1682373082
163,bowen,-20.0167,148.2333,25.06,68,91,9.22,AU,1682373082
164,tianpeng,30.9866,103.9393,11.26,93,100,0.48,CN,1682373083
165,tarrafal,15.2833,-23.7667,23.44,78,0,5.87,CV,1682373083
166,boende,-0.2167,20.8667,21.43,85,99,1.04,CD,1682373083
167,katobu,-4.9408,122.5276,24.09,95,74,1.25,ID,1682373083
168,vestmannaeyjar,63.4427,-20.2734,4.93,63,100,6.97,IS,1682372890
169,innisfail,-17.5333,146.0333,22.88,88,88,4.99,AU,1682373084
170,namatanai,-3.6667,152.4333,28.06,72,67,2.33,PG,1682373085
171,alice springs,-23.7,133.8833,9.75,93,0,3.12,AU,1682373085
172,jishou,28.3167,109.7167,9.39,98,100,0.52,CN,1682373086
173,aripuana,-9.1667,-60.6333,24.33,91,95,0.25,BR,1682373086
174,palmer,42.1584,-72.3287,14.26,49,75,2.57,US,1682372840
175,pozo colorado,-23.4923,-58.7972,21.46,76,93,2.57,PY,1682373087
176,constantine,36.365,6.6147,15.67,58,20,0.0,DZ,1682373088
177,yaan,7.3833,8.5667,28.47,60,99,1.1,NG,1682373088
178,georgetown,5.4112,100.3354,25.96,94,20,2.06,MY,1682373040
179,porbandar,21.6422,69.6093,26.07,68,12,4.62,IN,1682373089
180,marsa matruh,31.3525,27.2453,18.11,77,0,3.09,EG,1682373089
181,portobelo,9.55,-79.65,28.39,74,93,3.68,PA,1682373089
182,eenhana,-17.4667,16.3333,23.46,58,96,1.8,NA,1682373090
183,alta floresta,-9.8756,-56.0861,23.85,90,64,1.87,BR,1682373090
184,pandan,14.0453,124.1694,25.76,77,43,3.69,PH,1682373090
185,oktyabrskiy,54.4815,53.471,10.95,58,4,2.52,RU,1682373091
186,maniitsoq,65.4167,-52.9,1.79,88,100,2.69,GL,1682373091
187,locri,38.2414,16.2623,15.73,82,17,4.22,IT,1682373091
188,hirtshals,57.5881,9.9592,7.72,97,98,5.41,DK,1682373092
189,komsomolskiy,40.4272,71.7189,17.4,42,23,1.03,UZ,1682373092
190,aguimes,27.9054,-15.4461,18.35,68,20,8.23,ES,1682373092
191,salvador,13.8333,-88.9167,29.02,50,96,3.73,SV,1682373093
192,ahipara,-35.1667,173.1667,17.59,57,28,5.01,NZ,1682373093
193,virginia beach,36.8529,-75.978,17.23,54,40,2.57,US,1682372873
194,madimba,-10.4,40.3333,25.62,94,20,5.14,TZ,1682373094
195,victoria,22.2855,114.1577,24.03,93,95,5.81,HK,1682373006
196,sisimiut,66.9395,-53.6735,1.34,95,100,1.81,GL,1682373095
197,chokurdakh,70.6333,147.9167,-6.77,88,5,3.22,RU,1682373095
198,san onofre,9.7359,-75.5263,28.29,62,39,4.59,CO,1682373095
199,aklavik,68.2191,-135.0107,-14.37,78,100,2.87,CA,1682373096
200,viedma,-40.8135,-62.9967,19.52,36,0,4.78,AR,1682372699
201,teya,60.3778,92.6267,-0.1,98,100,1.5,RU,1682373097
202,broome,42.2506,-75.833,11.16,63,100,3.09,US,1682373097
203,daru,-9.0763,143.2092,26.96,88,100,5.72,PG,1682373097
204,ahar,38.4774,47.0699,12.73,82,100,2.69,IR,1682373098
205,sinnamary,5.3833,-52.95,24.4,91,100,4.15,GF,1682373098
206,los llanos de aridane,28.6585,-17.9182,17.86,90,40,4.63,ES,1682373098
207,anadyr,64.75,177.4833,-6.72,63,0,1.0,RU,1682373099
208,santa cruz,-17.8,-63.1667,29.03,58,20,4.12,BO,1682373099
209,vila franca do campo,37.7167,-25.4333,17.23,96,94,3.65,PT,1682373099
210,mimongo,-1.6195,11.6068,21.25,98,81,0.24,GA,1682373099
211,hirara,24.8,125.2833,23.15,83,100,2.06,JP,1682373100
212,berlevag,70.8578,29.0864,0.0,64,100,11.32,NO,1682373100
213,te anau,-45.4167,167.7167,10.79,88,100,3.41,NZ,1682373100
214,esperance,-33.8667,121.9,15.01,73,70,4.21,AU,1682373100
215,quelimane,-17.8786,36.8883,23.97,88,0,0.0,MZ,1682373100
216,chokwe,-24.5333,32.9833,20.13,80,82,2.55,MZ,1682373101
217,farafangana,-22.8167,47.8333,22.34,82,0,3.73,MG,1682373101
218,mizdah,31.4451,12.9801,19.29,21,84,2.38,LY,1682373101
219,fairbanks,64.8378,-147.7164,-4.95,51,75,5.14,US,1682373057
220,ginir,7.1333,40.7,14.97,84,56,1.99,ET,1682373102
221,ugoofaaru,5.6667,73.0,29.09,67,100,2.2,MV,1682373102
222,paita,-5.0892,-81.1144,26.37,76,92,4.04,PE,1682373102
223,kologriv,58.8275,44.3178,9.98,66,13,2.34,RU,1682373102
224,yatou,37.15,122.3833,8.77,36,100,1.77,CN,1682373102
225,bambanglipuro,-7.95,110.2833,24.42,91,86,2.03,ID,1682373103
226,husavik,66.0449,-17.3389,-1.68,62,81,2.77,IS,1682373103
227,cap malheureux,-19.9842,57.6142,25.26,82,32,3.14,MU,1682373103
228,jian,27.1172,114.9793,12.35,92,100,1.98,CN,1682373031
229,morwell,-38.2333,146.4,16.89,86,1,0.28,AU,1682373103
230,kapoeta,4.7717,33.5903,25.84,63,60,2.22,SS,1682373104
231,fonte boa,-2.4959,-66.2662,21.58,99,100,1.14,BR,1682373104
232,jalu,29.0331,21.5482,23.96,33,100,4.58,LY,1682373104
233,bar harbor,44.3876,-68.2039,6.62,81,100,3.6,US,1682373104
234,vila,42.0304,-8.1588,9.83,97,89,0.95,PT,1682373104
235,nouadhibou,20.931,-17.0347,18.99,88,0,9.26,MR,1682373105
236,roald,62.5833,6.1333,3.28,80,75,9.77,NO,1682373105
237,padang,-0.9492,100.3543,26.03,92,100,2.39,ID,1682373105
238,iqaluit,63.7506,-68.5145,0.85,93,100,4.12,CA,1682373105
239,east london,-33.0153,27.9116,20.99,90,100,4.71,ZA,1682373105
240,batagay-alyta,67.8006,130.4114,-7.29,88,100,5.87,RU,1682373105
241,cabatuan,10.8794,122.486,24.78,87,10,3.92,PH,1682373106
242,baoding,38.8511,115.4903,5.37,95,56,2.37,CN,1682373106
243,camacupa,-12.0167,17.4833,17.69,87,63,0.27,AO,1682373106
244,marawi,7.9986,124.2928,20.66,95,46,0.58,PH,1682373106
245,sumbawanga,-7.9667,31.6167,14.27,94,100,0.48,TZ,1682373106
246,nikolskoye,59.7035,30.7861,12.11,77,71,1.82,RU,1682373107
247,hovd,48.0056,91.6419,5.68,32,80,3.13,MN,1682373107
248,dingle,10.9995,122.6711,24.63,90,11,2.66,PH,1682373107
249,beyneu,45.3167,55.2,18.0,35,55,10.5,KZ,1682373108
250,sabang,5.8933,95.3214,29.2,74,100,5.53,ID,1682373108
251,khani,41.9563,42.9566,5.76,99,100,1.35,GE,1682373108
252,vangaindrano,-23.35,47.6,21.27,83,0,2.51,MG,1682373108
253,vila velha,-20.3297,-40.2925,24.97,84,0,3.6,BR,1682373101
254,suntar,62.1444,117.6319,-8.8,94,96,1.25,RU,1682373109
255,lashio,22.9333,97.75,18.31,68,5,0.91,MM,1682373109
256,sumenep,-7.0167,113.8667,25.97,83,97,3.06,ID,1682373109
257,ostrovnoy,68.0531,39.5131,-8.94,91,67,4.84,RU,1682373109
258,turan,16.0678,108.2208,25.99,94,40,1.03,VN,1682373109
259,thompson,55.7435,-97.8558,5.09,38,20,2.57,CA,1682373109
260,long beach,33.767,-118.1892,25.49,73,75,5.66,US,1682373110
261,siocon,7.7061,122.1353,26.32,85,58,2.27,PH,1682373110
262,san jose,37.3394,-121.895,26.29,38,0,6.69,US,1682372490
263,ylivieska,64.0833,24.55,0.18,98,100,2.23,FI,1682373110
264,valparaiso,-33.0393,-71.6273,17.13,73,0,5.14,CL,1682372868
265,bavaniste,44.8189,20.8758,14.5,89,100,3.7,RS,1682373111
266,yantai,37.5333,121.4,9.91,30,100,2.47,CN,1682373111
267,puerto escondido,15.85,-97.0667,31.46,58,20,3.6,MX,1682372844
268,mayo,38.8876,-76.5119,16.3,36,75,3.09,US,1682373111
269,yakuplu,40.9889,28.6758,12.64,67,0,2.06,TR,1682373111
270,fujimi,35.8578,139.5577,13.34,51,96,1.91,JP,1682373112
271,townsville,-19.25,146.8,23.49,73,75,6.17,AU,1682373112
272,okhotsk,59.3833,143.3,-1.21,79,100,3.95,RU,1682373112
273,igunga,-4.2833,33.8833,19.58,91,100,1.82,TZ,1682373112
274,solnechnyy,50.7214,136.6319,2.82,47,4,2.3,RU,1682373113
275,tezu,27.9167,96.1667,19.64,64,30,1.85,IN,1682373113
276,omis,43.4447,16.6886,13.96,91,97,1.07,HR,1682373113
277,urumqi,43.801,87.6005,11.53,33,0,3.0,CN,1682373113
278,iralaya,15.0,-83.2333,28.12,67,23,5.98,HN,1682373113
279,mercedes,-34.6515,-59.4307,20.44,57,100,3.11,AR,1682373114
280,port lincoln,-34.7333,135.8667,18.57,55,62,2.99,AU,1682373034
281,nantucket,41.2835,-70.0995,11.16,88,100,2.06,US,1682373029
282,kahului,20.8947,-156.47,27.01,57,75,3.6,US,1682372991
283,oudtshoorn,-33.5907,22.2014,16.2,91,85,1.92,ZA,1682373114
284,lompoc,34.6391,-120.4579,24.27,65,20,8.23,US,1682373031
285,brae,60.3964,-1.353,3.16,59,100,9.75,GB,1682373115
286,isilkul,54.9109,71.2728,4.55,44,82,2.26,RU,1682373115
287,bitkine,11.9801,18.2138,29.32,48,100,2.46,TD,1682373115
288,camabatela,-8.1881,15.375,18.1,90,34,1.94,AO,1682373115
289,hasaki,35.7333,140.8333,11.27,51,47,5.39,JP,1682373115
290,santa vitoria do palmar,-33.5189,-53.3681,19.4,91,78,4.49,BR,1682373116
291,talnakh,69.4865,88.3972,1.23,77,84,3.98,RU,1682373116
292,catamarca,-28.4696,-65.7852,20.59,62,32,0.45,AR,1682373116
293,malanje,-9.5402,16.341,18.33,94,45,1.03,AO,1682373116
294,saint anthony,45.0205,-93.218,9.32,46,75,3.09,US,1682373116
295,annau,37.8876,58.516,21.72,26,8,4.12,TM,1682373117
296,ust-kuyga,70.0167,135.6,-6.82,91,96,3.05,RU,1682373117
297,honningsvag,70.9821,25.9704,-0.14,59,75,5.66,NO,1682373117
298,columbus,39.9612,-82.9988,9.49,46,100,5.66,US,1682373117
299,murovani kurylivtsi,48.7235,27.5189,9.68,78,22,5.27,UA,1682373117
300,boshnyakovo,49.6333,142.1667,0.22,89,99,1.18,RU,1682373118
301,acapulco,16.8634,-99.8901,29.14,63,99,4.24,MX,1682373118
302,avera,33.194,-82.5271,21.03,47,99,1.53,US,1682373118
303,gat,31.61,34.7642,16.56,76,19,0.97,IL,1682373118
304,sao raimundo nonato,-9.0153,-42.6994,26.04,42,60,2.28,BR,1682372935
305,kuppam,12.75,78.3667,24.16,76,98,2.26,IN,1682373118
306,rio claro,-22.4114,-47.5614,18.27,75,0,0.9,BR,1682373078
307,luanda,-8.8368,13.2343,27.0,89,40,2.06,AO,1682373119
308,arlit,18.7369,7.3853,29.93,13,0,4.46,NE,1682373119
309,sao joao da barra,-21.6403,-41.0511,23.05,79,65,3.55,BR,1682373119
310,cairns,-16.9167,145.7667,25.59,97,40,4.12,AU,1682372857
311,santiago del estero,-27.7951,-64.2615,15.73,91,66,0.76,AR,1682373085
312,pisco,-13.7,-76.2167,26.03,65,0,10.8,PE,1682373089
313,soddy-daisy,35.2359,-85.1908,18.82,36,15,4.15,US,1682373120
314,twentynine palms,34.1356,-116.0542,31.74,14,0,1.34,US,1682373120
315,adrar,20.5022,-10.0711,28.29,13,0,3.53,MR,1682373121
316,ginda,30.6945,78.4932,9.29,47,39,2.91,IN,1682373121
317,moree,-29.4667,149.85,17.49,64,0,5.12,AU,1682373121
318,adeje,28.1227,-16.726,19.22,89,20,3.09,ES,1682373121
319,mogadishu,2.0371,45.3438,28.31,76,92,6.08,SO,1682373122
320,san patricio,28.017,-97.5169,23.98,69,55,4.72,US,1682373012
321,narsaq,60.9167,-46.05,5.12,86,26,2.52,GL,1682373123
322,sulangan,11.1373,123.7228,27.79,79,97,8.05,PH,1682373123
323,los algarrobos,8.5,-82.4333,31.23,55,20,4.63,PA,1682373125
324,qujing,25.4833,103.7833,11.02,82,6,2.95,CN,1682373125
325,mahanoro,-19.9,48.8,23.6,91,4,2.02,MG,1682373126
326,ulaangom,49.9811,92.0667,3.25,36,100,0.79,MN,1682373126
327,ardalstangen,61.2371,7.6983,5.27,90,96,1.95,NO,1682373126
328,novyy svit,47.8059,38.0211,10.77,93,100,1.8,UA,1682373126
329,luderitz,-26.6481,15.1594,16.92,87,0,3.78,NA,1682373001
330,oistins,13.0667,-59.5333,26.05,83,40,3.6,BB,1682372856
331,mananjary,-21.2167,48.3333,22.72,91,2,2.38,MG,1682373128
332,tocopilla,-22.092,-70.1979,20.78,77,21,3.24,CL,1682373114
333,haines junction,60.7522,-137.5108,-1.03,59,100,3.09,CA,1682373128
334,puerto ayacucho,5.6639,-67.6236,25.56,86,100,1.8,VE,1682373129
335,shimanovsk,52.0,127.7,-0.03,50,100,4.19,RU,1682373129
336,miyako,39.6367,141.9525,8.11,38,2,1.79,JP,1682373130
337,hambantota,6.1241,81.1185,24.19,100,20,1.03,LK,1682373130
338,alasehir,38.3508,28.5172,13.34,61,86,1.6,TR,1682373130
339,verkhnyaya inta,65.9811,60.3094,-4.57,87,80,2.6,RU,1682373131
340,fukue,32.6881,128.8419,12.93,91,100,4.13,JP,1682373081
341,kirando,-7.4167,30.6,22.09,85,100,2.36,TZ,1682373131
342,normandin,48.8333,-72.5321,6.07,81,100,5.14,CA,1682373132
343,arkhipo-osipovka,44.37,38.52,10.49,95,100,5.3,RU,1682373132
344,arcata,40.8665,-124.0828,18.15,70,0,9.77,US,1682373133
345,bandrele,-12.9067,45.1914,27.86,74,40,7.2,YT,1682373133
346,ayagoz,47.9714,80.4392,7.39,77,83,6.12,KZ,1682373133
347,korla,41.7597,86.1469,12.98,37,8,1.75,CN,1682373134
348,ilulissat,69.2167,-51.1,1.01,93,40,3.6,GL,1682373134
349,grindavik,63.8424,-22.4338,4.26,75,75,2.57,IS,1682373134
350,coronel vivida,-25.9797,-52.5678,17.98,84,64,0.95,BR,1682373049
351,arraial do cabo,-22.9661,-42.0278,23.98,69,40,2.57,BR,1682372898
352,lata,40.1629,-8.3327,15.51,95,99,0.93,PT,1682373056
353,coihaique,-45.5752,-72.0662,14.34,58,75,1.54,CL,1682373136
354,oak ridge,36.0104,-84.2696,17.47,31,0,1.54,US,1682373136
355,raudeberg,61.9875,5.1352,3.37,73,93,14.09,NO,1682373137
356,pec,42.6591,20.2883,10.02,92,100,2.13,XK,1682373139
357,haian,32.5436,120.45,10.56,99,100,1.47,CN,1682373139
358,huarmey,-10.0681,-78.1522,26.24,73,42,5.86,PE,1682373140
359,bonthe,7.5264,-12.505,28.02,84,57,3.35,SL,1682373140
360,puerto asis,0.5133,-76.5007,26.36,79,99,0.39,CO,1682373141
361,gilgit,35.9221,74.3087,11.81,41,3,2.32,PK,1682373141
362,panzhihua,26.5851,101.7128,16.0,56,40,1.56,CN,1682373141
363,canete,-37.8,-73.4,12.02,83,48,1.24,CL,1682372886
364,pocatky,49.2602,15.2402,7.49,81,100,1.34,CZ,1682373142
365,myitkyina,25.3833,97.4,19.68,77,2,1.62,MM,1682373143
366,ust-nera,64.5667,143.2,-8.33,90,90,3.3,RU,1682373143
367,mahibadhoo,3.7833,72.9667,28.57,77,85,2.39,MV,1682373144
368,gamba,-2.65,10.0,25.87,86,82,0.53,GA,1682373144
369,statesville,35.7826,-80.8873,19.57,35,0,2.06,US,1682373144
370,spokane,47.6166,-117.3677,12.54,62,75,5.14,US,1682372730
371,belaya gora,68.5333,146.4167,-4.84,93,42,3.36,RU,1682373145
372,cabo rojo,18.0866,-67.1457,29.26,58,94,0.89,PR,1682373145
373,tubarao,-28.4667,-49.0069,18.88,93,10,1.09,BR,1682373146
374,sungai padi,6.0851,101.8766,26.88,97,100,1.25,TH,1682373146
375,rio cuarto,-33.1307,-64.3499,18.87,63,0,6.17,AR,1682373019
376,shuangyang,43.5242,125.6736,10.35,24,100,7.09,CN,1682373147
377,ponta delgada,37.7333,-25.6667,17.4,100,75,4.12,PT,1682372915
378,rio grande,-32.035,-52.0986,23.06,82,16,7.91,BR,1682373148
379,karlshamn,56.1706,14.8619,6.27,98,100,1.53,SE,1682373148
380,bathsheba,13.2167,-59.5167,26.34,83,40,3.6,BB,1682373149
381,tutoia,-2.7619,-42.2744,26.1,80,100,3.32,BR,1682373149
382,koslan,63.4564,48.8989,5.96,94,77,5.22,RU,1682373150
383,bafoulabe,13.8065,-10.8321,36.08,13,0,2.25,ML,1682373150
384,nioro,13.35,-15.75,29.94,32,6,3.51,GM,1682373150
385,san rafael,-34.6177,-68.3301,20.62,39,0,5.38,AR,1682373151
386,upernavik,72.7868,-56.1549,-2.75,93,79,2.6,GL,1682373152
387,dunedin,-45.8742,170.5036,14.48,45,85,7.76,NZ,1682373152
388,kavieng,-2.5744,150.7967,28.33,79,43,4.43,PG,1682373153
389,bol,13.4586,14.7147,28.25,65,100,4.32,TD,1682373153
390,the valley,18.217,-63.0578,27.92,74,40,3.09,AI,1682373123
391,matara,5.9485,80.5353,25.89,88,100,0.89,LK,1682373154
392,guerrero negro,27.9769,-114.0611,19.62,57,9,6.04,MX,1682373155
393,kavaratti,10.5669,72.642,28.06,70,55,2.5,IN,1682373155
394,sosnovo-ozerskoye,52.5249,111.5418,-5.05,53,95,1.95,RU,1682373156
395,muisne,0.6,-80.0333,27.36,76,10,2.9,EC,1682373156
396,matagami,49.7502,-77.6328,1.06,86,100,5.14,CA,1682373156
397,quesnel,52.9999,-122.5029,11.28,58,100,2.57,CA,1682373157
398,yeppoon,-23.1333,150.7333,20.88,69,90,8.25,AU,1682373157
399,springbok,-29.6643,17.8865,13.56,93,1,1.4,ZA,1682373158
400,sosnovo,60.5514,30.2144,9.24,84,84,1.0,RU,1682373158
401,duminichi,53.9345,35.1099,8.87,72,56,0.36,RU,1682373158
402,kutum,14.2,24.6667,27.2,32,45,3.77,SD,1682373159
403,shenjiamen,29.9576,122.298,14.18,87,99,6.18,CN,1682373159
404,akureyri,65.6835,-18.0878,-0.04,64,75,5.66,IS,1682373015
405,touros,-5.1989,-35.4608,26.76,81,30,5.69,BR,1682373159
406,jinhua,29.1078,119.6547,12.08,95,100,0.46,CN,1682373159
407,beringovskiy,63.05,179.3167,-4.94,79,98,4.97,RU,1682373160
408,batavia,41.85,-88.3126,13.34,35,40,3.6,US,1682373021
409,cayenne,4.9333,-52.3333,24.02,100,75,1.03,GF,1682373161
410,rousinov,49.2013,16.8822,11.51,80,0,3.6,CZ,1682373161
411,natitingou,10.3042,1.3796,27.79,51,84,0.57,BJ,1682373161
412,sena madureira,-9.0656,-68.6569,24.47,95,74,0.81,BR,1682373161
413,flinders,-34.5833,150.8552,16.32,90,10,0.89,AU,1682373161
414,kaeo,-35.1,173.7833,14.07,95,2,1.75,NZ,1682373162
415,rangoon,16.8053,96.1561,27.98,83,20,1.54,MM,1682373162
416,namibe,-15.1961,12.1522,23.94,68,40,1.02,AO,1682373162
417,nelson bay,-32.7167,152.15,18.89,99,10,2.68,AU,1682373162
418,tamasopo,21.9333,-99.4833,21.79,66,60,4.98,MX,1682373162
419,san quintin,30.4833,-115.95,17.77,66,1,5.93,MX,1682373163
420,belaguntha,19.8833,84.65,26.78,69,94,0.18,IN,1682373163
421,mbandaka,0.0487,18.2603,23.34,82,96,1.71,CD,1682373163
422,shellbrook,53.2168,-106.4011,9.57,40,100,6.57,CA,1682373148
423,ciechanow,52.8814,20.62,11.9,86,67,1.44,PL,1682373163
424,novoanninskiy,50.5287,42.6747,11.98,78,100,3.23,RU,1682373164
425,ingleside,27.8778,-97.2117,23.45,74,75,5.14,US,1682373164
426,kankon,15.0167,74.0167,23.92,86,0,0.92,IN,1682373164
427,bereda,43.2686,-7.5406,13.97,97,100,1.68,ES,1682373164
428,ourinhos,-22.9789,-49.8706,18.85,78,3,1.92,BR,1682373042
429,auray,47.6703,-2.9918,11.53,82,73,3.88,FR,1682373165
430,gornyak,50.9942,81.4661,6.07,66,98,4.94,RU,1682373165
431,pemangkat,1.1667,108.9667,24.98,89,99,1.8,ID,1682373165
432,bilibino,68.0546,166.4372,-5.67,58,1,1.46,RU,1682373165
433,monrovia,6.3005,-10.7969,24.87,83,62,2.19,LR,1682373166
434,nongpoh,25.9,91.8833,18.43,68,0,1.42,IN,1682373166
435,quang ngai,15.1167,108.8,23.64,95,37,1.55,VN,1682373166
436,lagos,6.5833,3.75,29.18,84,100,1.99,NG,1682372351
437,dahod,22.8333,74.2667,26.83,15,98,2.19,IN,1682373166
438,jasper,37.2001,-94.3502,20.49,25,0,3.6,US,1682373166
439,menongue,-14.6585,17.691,18.28,74,59,1.33,AO,1682373167
440,lernapat,40.8163,44.3926,6.15,90,99,0.73,AM,1682373167
441,quatre cocos,-20.2078,57.7625,25.05,87,38,2.45,MU,1682373167
442,darhan,49.4867,105.9228,0.3,37,33,3.79,MN,1682373168
443,kununurra,-15.7667,128.7333,18.99,94,5,0.0,AU,1682373066
444,xiamen,24.4798,118.0819,19.58,77,100,3.0,CN,1682373168
445,pokhara,28.2333,83.9833,17.5,43,70,2.03,NP,1682373100
446,tiarei,-17.5333,-149.3333,29.01,80,57,5.73,PF,1682373168
447,gamboma,-1.8764,15.8644,24.32,82,95,1.36,CG,1682373169
448,santiago,-33.4569,-70.6483,24.69,43,0,7.72,CL,1682373000
449,ketchikan,55.3422,-131.6461,8.26,71,100,4.63,US,1682373169
450,aksarka,66.5606,67.7975,-6.78,85,10,6.83,RU,1682373169
451,neiafu,-18.65,-173.9833,27.38,69,20,1.03,TO,1682373170
452,zyryanka,65.75,150.85,-2.43,92,85,5.2,RU,1682373170
453,nuuk,64.1835,-51.7216,4.34,75,100,4.63,GL,1682373170
454,comodoro rivadavia,-45.8667,-67.5,24.92,8,0,6.17,AR,1682373170
455,yerbogachen,61.2767,108.0108,-7.61,99,94,1.59,RU,1682373171
456,marystown,47.1666,-55.1483,6.59,100,13,3.58,CA,1682373171
457,draguignan,43.5333,6.4667,16.81,47,27,6.17,FR,1682373171
458,ngunguru,-35.6167,174.5,15.32,60,1,2.34,NZ,1682373171
459,cozumel,20.5083,-86.9458,29.97,68,91,3.13,MX,1682373171
460,lira,2.235,32.9097,18.45,92,73,1.35,UG,1682373172
461,mayumba,-3.432,10.6554,26.26,88,92,0.52,GA,1682373172
462,asau,46.4333,26.4,8.51,83,94,1.49,RO,1682373172
463,hohhot,40.8106,111.6522,5.16,81,40,3.0,CN,1682373172
464,manzil salim,35.8567,8.4765,16.48,55,85,1.09,TN,1682373172
465,mount isa,-20.7333,139.5,21.87,46,12,2.06,AU,1682373045
466,ayan,56.45,138.1667,0.88,69,100,3.71,RU,1682373173
467,monroe,43.1501,-77.6831,8.53,69,75,6.17,US,1682372928
468,zaozerne,45.1582,33.2787,10.52,75,12,2.49,UA,1682373173
469,alugan,12.2188,125.4808,26.34,83,64,3.12,PH,1682373173
470,cabras,39.93,8.5314,12.53,87,20,0.61,IT,1682373174
471,banjar,-8.19,114.9675,24.78,91,55,0.9,ID,1682373174
472,san ignacio,17.1561,-89.0714,33.08,55,40,3.09,BZ,1682373174
473,sorong,-0.8833,131.25,27.39,78,16,1.01,ID,1682373174
474,montagnana,45.2287,11.4635,13.6,83,94,2.68,IT,1682373175
475,tilichiki,60.4667,166.1,-2.4,88,94,3.42,RU,1682373175
476,abbeville,50.1,1.8333,9.03,90,100,1.29,FR,1682373176
477,apt,43.8833,5.4,14.99,61,52,3.26,FR,1682373176
478,lake city,30.1897,-82.6393,21.99,83,100,1.54,US,1682373176
479,morant bay,17.8815,-76.4093,29.28,68,39,4.92,JM,1682373176
480,te horo,-40.8084,175.1233,12.67,72,32,2.68,NZ,1682373176
481,liwale,-9.7667,37.9333,20.68,98,89,1.63,TZ,1682373176
482,senno,59.5336,33.9167,10.17,70,22,2.69,RU,1682373177
483,kibungo,-2.1597,30.5427,18.51,98,62,0.82,RW,1682373177
484,naze,28.3667,129.4833,20.51,82,89,6.67,JP,1682373177
485,makakilo city,21.3469,-158.0858,28.18,68,0,3.6,US,1682373177
486,karera,25.4667,78.15,23.33,42,100,2.31,IN,1682373177
487,zhigansk,66.7697,123.3711,-6.1,92,100,6.86,RU,1682373178
488,sembe,1.6481,14.5806,23.25,84,24,0.75,CG,1682373178
489,karaidel,55.8337,56.9069,8.71,72,10,2.56,RU,1682373178
490,ostersund,63.1792,14.6357,-0.77,100,20,2.06,SE,1682373178
491,krasnyy chikoy,50.3643,108.7512,-4.47,55,3,1.76,RU,1682373179
492,taonan,45.3333,122.7833,9.86,31,100,5.46,CN,1682373179
493,san cristobal,7.7669,-72.225,22.1,93,98,0.23,VE,1682372987
494,kembe,4.6228,21.8865,21.92,87,60,1.23,CF,1682373179
495,maragogi,-9.0122,-35.2225,24.71,88,57,2.69,BR,1682373179
496,omsukchan,62.5333,155.8,-5.75,87,67,2.17,RU,1682373180
497,sarangani,5.4033,125.4636,28.48,76,97,5.94,PH,1682373180
498,taree,-31.9,152.4667,16.15,75,96,0.44,AU,1682373181
499,awjilah,29.1081,21.2869,23.16,39,98,5.09,LY,1682373181
500,cervo,43.6702,-7.4101,16.09,80,100,3.31,ES,1682373181
501,shetpe,44.1667,52.1167,19.91,27,100,13.01,KZ,1682373182
502,piranhas,-16.4269,-51.8222,24.26,71,17,1.15,BR,1682373182
503,puerto leguizamo,-0.1934,-74.7819,26.92,76,100,1.17,CO,1682373182
504,muriwai beach,-36.8167,174.45,16.77,71,60,5.35,NZ,1682372991
505,cockburn town,21.4612,-71.1419,25.54,72,13,4.57,TC,1682373183
506,salta,-24.7859,-65.4117,17.33,79,75,4.12,AR,1682372628
507,beisfjord,68.3751,17.5988,-1.97,71,3,3.39,NO,1682373184
508,banff,51.1762,-115.5698,10.57,61,100,2.57,CA,1682373085
509,klaksvik,62.2266,-6.589,1.51,61,100,9.37,FO,1682373185
510,bairnsdale,-37.8333,147.6167,15.07,74,0,1.86,AU,1682373186
511,vao,-22.6667,167.4833,24.77,75,100,10.61,NC,1682373186
512,lakatoro,-16.0999,167.4164,27.76,74,73,2.45,VU,1682373187
513,amberley,39.2048,-84.428,11.42,41,100,3.09,US,1682373187
514,geraldton,-28.7667,114.6,13.23,94,100,2.06,AU,1682373188
515,praia da vitoria,38.7333,-27.0667,19.14,72,40,5.27,PT,1682373188
516,marana,32.4367,-111.2254,33.64,10,68,3.09,US,1682373099
517,biloela,-24.4167,150.5,19.32,71,28,6.66,AU,1682373189
518,pimentel,-6.8367,-79.9342,28.16,65,40,5.66,PE,1682373189
519,phetchaburi,12.9667,99.5833,24.24,71,16,1.63,TH,1682373190
520,oneonta,42.4529,-75.0638,10.16,68,100,3.32,US,1682373191
521,novyy urengoy,66.0833,76.6333,-4.47,93,93,6.47,RU,1682373191
522,broken hill,-31.95,141.4333,17.83,54,3,3.92,AU,1682373192
523,katsuura,35.1333,140.3,14.65,54,58,5.09,JP,1682373192
524,calbuco,-41.768,-73.1273,12.56,82,65,1.86,CL,1682373192
525,quebrangulo,-9.3189,-36.4711,21.29,95,100,1.84,BR,1682373193
526,dudinka,69.4058,86.1778,1.46,78,100,7.73,RU,1682373193
527,visnes,59.3556,5.2242,5.12,75,100,12.35,NO,1682373194
528,karaman,37.0833,33.25,9.57,46,14,1.04,TR,1682373195
529,pestravka,52.405,49.9583,13.02,72,94,2.75,RU,1682373195
530,new glasgow,45.5834,-62.6486,4.88,74,18,2.89,CA,1682373096
531,bud,39.447,-86.1758,13.71,40,96,2.97,US,1682373196
532,melaka,2.196,102.2405,25.02,92,20,0.0,MY,1682373198
533,mindelo,16.8901,-24.9804,22.75,64,20,6.69,CV,1682373199
534,mackay,-21.15,149.2,24.27,75,81,9.72,AU,1682373199
535,katherine,-14.4667,132.2667,25.18,83,100,4.63,AU,1682373199
536,phuket,8.0,98.25,30.61,94,20,0.0,TH,1682373177
537,aktas,49.7789,72.9608,-2.14,62,4,1.8,KZ,1682373200
538,kristiansund,63.1115,7.732,2.36,80,75,5.14,NO,1682372994
539,sistranda,63.7256,8.834,0.98,64,100,8.02,NO,1682373201
540,kamaishi,39.2667,141.8833,7.46,43,17,1.84,JP,1682373201
541,treinta y tres,-33.2333,-54.3833,21.52,67,100,4.2,UY,1682373202
542,lagoa nova,-6.1,-36.4833,22.89,72,95,4.46,BR,1682373202
543,taua,-5.9667,-40.3,24.39,61,79,3.46,BR,1682373203
544,pierre,44.3683,-100.351,15.51,24,0,7.72,US,1682373203
545,glendive,47.1053,-104.7125,16.79,25,0,6.17,US,1682373204
546,talaya,61.3833,152.75,-1.98,80,97,4.53,RU,1682373204
547,takaungu,-3.6837,39.8566,26.57,86,5,4.46,KE,1682373204
548,semirom,31.4167,51.5667,11.22,54,57,1.22,IR,1682373205
549,talara,-4.5772,-81.2719,29.42,70,0,7.2,PE,1682373205
550,hobyo,5.3505,48.5268,28.65,74,76,6.19,SO,1682373206
551,itabirito,-20.2533,-43.8014,22.54,85,94,1.93,BR,1682373206
552,moroni,-11.7022,43.2551,27.02,83,17,6.01,KM,1682373207
553,kurush,41.2841,47.8345,2.8,90,99,3.12,RU,1682373207
554,dolores,-36.3132,-57.6792,15.75,90,46,3.33,AR,1682373208
555,magistralnyy,56.1725,107.4458,-3.17,89,100,1.38,RU,1682373208
556,denizli,37.8402,29.0698,13.5,55,39,0.57,TR,1682373209
557,acarau,-2.8856,-40.12,25.64,83,85,3.72,BR,1682373209
558,karratha,-20.7377,116.8463,25.2,64,99,3.02,AU,1682373209
559,lavrentiya,65.5833,-171.0,-7.57,75,5,3.69,RU,1682373209
560,rafaela,-31.2503,-61.4867,15.32,94,100,1.87,AR,1682373014
561,mozelos,41.8677,-8.3978,15.49,93,95,0.81,PT,1682373211
562,dekar,-21.5333,21.9333,18.23,45,44,6.1,BW,1682373211
563,coolum beach,-26.5333,153.1,22.28,78,59,7.37,AU,1682373212
564,souillac,-20.5167,57.5167,24.21,94,20,1.03,MU,1682373212
565,sibolga,1.7427,98.7792,24.95,92,100,0.86,ID,1682373213
566,russell,32.3502,-85.1999,21.89,37,0,3.09,US,1682373213
567,dumraon,25.55,84.15,23.88,46,16,2.81,IN,1682372954
568,tukrah,32.5341,20.5791,16.14,88,0,4.75,LY,1682373214
569,inta,66.0317,60.1659,-4.44,88,81,2.82,RU,1682373215
570,tura,25.5198,90.2201,21.09,57,0,1.61,IN,1682372986
571,santa fe do sul,-20.2111,-50.9258,23.38,70,46,3.19,BR,1682373215
572,seymchan,62.8833,152.4333,-1.47,82,96,4.57,RU,1682373216
573,olafsvik,64.8945,-23.7142,3.08,58,100,7.07,IS,1682373216
574,izumo,35.3667,132.7667,7.94,57,75,2.06,JP,1682373217
575,kalaleh,37.3807,55.4916,16.78,77,0,0.0,IR,1682373217
576,inhuma,-6.6683,-41.7078,27.34,45,99,0.41,BR,1682373217
577,coquimbo,-29.9533,-71.3436,16.85,77,20,5.14,CL,1682373006
578,grand-lahou,5.1367,-5.0242,27.77,85,97,3.7,CI,1682373218
579,qaqortoq,60.7167,-46.0333,2.02,84,23,3.46,GL,1682373219
580,makokou,0.5738,12.8642,22.25,95,31,0.95,GA,1682373219
